Fecha,Acumuladas,Amazonas,Antioquia,Arauca,Atlantico,Bogota,Bolivar,Boyaca,Caldas,Caqueta,Casanare,Cauca,Cesar,Choco,Cordoba,Cundinamarca,Guainia,Guajira,Guaviare,Huila,Magdalena,Meta,Narino,Norte de Santander,Putumayo,Quindio,Risaralda,San Andres,Santander,Sucre,Tolima,Valle del Cauca,Vaupes,Vichada,Procedencia desconocida,Barranquilla,Cartagena,Santa Marta,Positivas acumuladas,Negativas acumuladas,Positividad acumulada,Indeterminadas
Acumulado Feb,601,,,,,,,,,,,,,,,,,,,,,,,,,,,,,,,,,,,,,,,,,
2020-03-05T00:00:00.000,636,,,,,,,,,,,,,,,,,,,,,,,,,,,,,,,,,,,,,,,,,
2020-03-06T00:00:00.000,739,,,,,,,,,,,,,,,,,,,,,,,,,,,,,,,,,,,,,,,,,
2020-03-07T00:00:00.000,810,,,,,,,,,,,,,,,,,,,,,,,,,,,,,,,,,,,,,,,,,
2020-03-08T00:00:00.000,813,,,,,,,,,,,,,,,,,,,,,,,,,,,,,,,,,,,,,,,,,
2020-03-09T00:00:00.000,851,,,,,,,,,,,,,,,,,,,,,,,,,,,,,,,,,,,,,,,,,
2020-03-10T00:00:00.000,927,,,,,,,,,,,,,,,,,,,,,,,,,,,,,,,,,,,,,,,,,
2020-03-11T00:00:00.000,1133,,,,,,,,,,,,,,,,,,,,,,,,,,,,,,,,,,,,,,,,,
2020-03-12T00:00:00.000,1393,,,,,,,,,,,,,,,,,,,,,,,,,,,,,,,,,,,,,,,,,
2020-03-13T00:00:00.000,1754,,,,,,,,,,,,,,,,,,,,,,,,,,,,,,,,,,,,,,,,,
2020-03-14T00:00:00.000,2343,,,,,,,,,,,,,,,,,,,,,,,,,,,,,,,,,,,,,,,,,
2020-03-15T00:00:00.000,3176,,,,,,,,,,,,,,,,,,,,,,,,,,,,,,,,,,,,,,,,,
2020-03-16T00:00:00.000,3607,,,,,,,,,,,,,,,,,,,,,,,,,,,,,,,,,,,,,,,,,
2020-03-17T00:00:00.000,3931,,,,,,,,,,,,,,,,,,,,,,,,,,,,,,,,,,,,,,,,,
2020-03-18T00:00:00.000,4690,,,,,,,,,,,,,,,,,,,,,,,,,,,,,,,,,,,,,,,,,
2020-03-19T00:00:00.000,5363,,,,,,,,,,,,,,,,,,,,,,,,,,,,,,,,,,,,,,,,,
2020-03-20T00:00:00.000,5766,,,,,,,,,,,,,,,,,,,,,,,,,,,,,,,,,,,,,,,,,
2020-03-21T00:00:00.000,6064,,,,,,,,,,,,,,,,,,,,,,,,,,,,,,,,,,,,,,,,,
2020-03-22T00:00:00.000,6910,,,,,,,,,,,,,,,,,,,,,,,,,,,,,,,,,,,,,,,,,
2020-03-23T00:00:00.000,7285,,,,,,,,,,,,,,,,,,,,,,,,,,,,,,,,,,,,,,,,,
2020-03-24T00:00:00.000,8051,,,,,,,,,,,,,,,,,,,,,,,,,,,,,,,,,,,,,,,,,
2020-03-25T00:00:00.000,8797,,,,,,,,,,,,,,,,,,,,,,,,,,,,,,,,,,,,,,,,,
2020-03-26T00:00:00.000,9228,,,,,,,,,,,,,,,,,,,,,,,,,,,,,,,,,,,,,,,,,
2020-03-27T00:00:00.000,9486,,,,,,,,,,,,,,,,,,,,,,,,,,,,,,,,,,,,,,,,,
2020-03-28T00:00:00.000,10851,,,,,,,,,,,,,,,,,,,,,,,,,,,,,,,,,,,,,,,,,
2020-03-29T00:00:00.000,12325,,,,,,,,,,,,,,,,,,,,,,,,,,,,,,,,,,,,,,,,,
2020-03-30T00:00:00.000,13816,,,,,,,,,,,,,,,,,,,,,,,,,,,,,,,,,,,,,,,,,
2020-03-31T00:00:00.000,17863,,,,,,,,,,,,,,,,,,,,,,,,,,,,,,,,,,,,,,,,,
2020-04-01T00:00:00.000,20253,,,,,,,,,,,,,,,,,,,,,,,,,,,,,,,,,,,,,,,,,
2020-04-02T00:00:00.000,21412,,,,,,,,,,,,,,,,,,,,,,,,,,,,,,,,,,,,,,,,,
2020-04-03T00:00:00.000,22752,,,,,,,,,,,,,,,,,,,,,,,,,,,,,,,,,,,,,,,,,
2020-04-04T00:00:00.000,23989,,,,,,,,,,,,,,,,,,,,,,,,,,,,,,,,,,,,,,,,,
2020-04-05T00:00:00.000,25547,,,,,,,,,,,,,,,,,,,,,,,,,,,,,,,,,,,,,,,,,
2020-04-06T00:00:00.000,27968,,,,,,,,,,,,,,,,,,,,,,,,,,,,,,,,,,,,,,,,,
2020-04-07T00:00:00.000,30728,,,,,,,,,,,,,,,,,,,,,,,,,,,,,,,,,,,,,,,,,
2020-04-08T00:00:00.000,33858,,,,,,,,,,,,,,,,,,,,,,,,,,,,,,,,,,,,,,,,,
2020-04-09T00:00:00.000,35193,,,,,,,,,,,,,,,,,,,,,,,,,,,,,,,,,,,,,,,,,
2020-04-10T00:00:00.000,37876,,,,,,,,,,,,,,,,,,,,,,,,,,,,,,,,,,,,,,,,,
2020-04-11T00:00:00.000,40618,,,,,,,,,,,,,,,,,,,,,,,,,,,,,,,,,,,,,,,,,
2020-04-12T00:00:00.000,41780,,,,,,,,,,,,,,,,,,,,,,,,,,,,,,,,,,,,,,,,,
2020-04-13T00:00:00.000,43036,,,,,,,,,,,,,,,,,,,,,,,,,,,,,,,,,,,,,,,,,
2020-04-14T00:00:00.000,45351,,,,,,,,,,,,,,,,,,,,,,,,,,,,,,,,,,,,,,,,,
2020-04-15T00:00:00.000,48556,,,,,,,,,,,,,,,,,,,,,,,,,,,,,,,,,,,,,,,,,
2020-04-16T00:00:00.000,52013,,,,,,,,,,,,,,,,,,,,,,,,,,,,,,,,,,,,,,,,,
2020-04-17T00:00:00.000,55501,,,,,,,,,,,,,,,,,,,,,,,,,,,,,,,,,,,,,,,,,
2020-04-18T00:00:00.000,58930,,,,,,,,,,,,,,,,,,,,,,,,,,,,,,,,,,,,,,,,,
2020-04-19T00:00:00.000,62674,,,,,,,,,,,,,,,,,,,,,,,,,,,,,,,,,,,,,,,,,
2020-04-20T00:00:00.000,65097,,,,,,,,,,,,,,,,,,,,,,,,,,,,,,,,,,,,,,,,,
2020-04-21T00:00:00.000,68356,,,,,,,,,,,,,,,,,,,,,,,,,,,,,,,,,,,,,,,,,
2020-04-22T00:00:00.000,71407,,,,,,,,,,,,,,,,,,,,,,,,,,,,,,,,,,,,,,,,,
2020-04-23T00:00:00.000,74864,,,,,,,,,,,,,,,,,,,,,,,,,,,,,,,,,,,,,,,,,
2020-04-24T00:00:00.000,77985,,,,,,,,,,,,,,,,,,,,,,,,,,,,,,,,,,,,,,,,,
2020-04-25T00:00:00.000,81053,,,,,,,,,,,,,,,,,,,,,,,,,,,,,,,,,,,,,,,,,
2020-04-26T00:00:00.000,87106,,,,,,,,,,,,,,,,,,,,,,,,,,,,,,,,,,,,,,,,,
2020-04-27T00:00:00.000,90899,,,,,,,,,,,,,,,,,,,,,,,,,,,,,,,,,,,,,,,,,
2020-04-28T00:00:00.000,95085,,,,,,,,,,,,,,,,,,,,,,,,,,,,,,,,,,,,,,,,,
2020-04-29T00:00:00.000,100153,,,,,,,,,,,,,,,,,,,,,,,,,,,,,,,,,,,,,,,,,
2020-04-30T00:00:00.000,104657,,,,,,,,,,,,,,,,,,,,,,,,,,,,,,,,,,,,,,,,,
2020-05-01T00:00:00.000,108950,,,,,,,,,,,,,,,,,,,,,,,,,,,,,,,,,,,,,,,,,
2020-05-02T00:00:00.000,114602,,,,,,,,,,,,,,,,,,,,,,,,,,,,,,,,,,,,,,,,,
2020-05-03T00:00:00.000,118801,,,,,,,,,,,,,,,,,,,,,,,,,,,,,,,,,,,,,,,,,
2020-05-04T00:00:00.000,123029,,,,,,,,,,,,,,,,,,,,,,,,,,,,,,,,,,,,,,,,,
2020-05-05T00:00:00.000,127105,,,,,,,,,,,,,,,,,,,,,,,,,,,,,,,,,,,,,,,,,
2020-05-06T00:00:00.000,131110,,,,,,,,,,,,,,,,,,,,,,,,,,,,,,,,,,,,,,,,,
2020-05-07T00:00:00.000,135352,,,,,,,,,,,,,,,,,,,,,,,,,,,,,,,,,,,,,,,,,
2020-05-08T00:00:00.000,139739,,,,,,,,,,,,,,,,,,,,,,,,,,,,,,,,,,,,,,,,,
2020-05-09T00:00:00.000,144912,,,,,,,,,,,,,,,,,,,,,,,,,,,,,,,,,,,,,,,,,
2020-05-10T00:00:00.000,151396,1457,21161,591,8100,46276,5586,2022,3051,481,766,1878,1749,690,2631,3749,6,749,156,3679,4314,4403,2545,3578,121,1491,4253,250,3613,591,2219,16447,44,5,2744,,,,,,,
2020-05-11T00:00:00.000,158933,1799,21676,602,8880,49698,5938,2141,3100,495,777,1893,1755,690,2683,4035,12,749,156,3818,4617,4822,2596,3636,134,1527,4253,250,3801,592,2245,16618,140,6,2799,,,,,,,
2020-05-12T00:00:00.000,165738,2007,22573,602,9500,51769,6479,2243,3204,534,780,1969,1828,744,2713,4219,12,792,156,3919,4709,4880,2635,3673,134,1561,4308,250,3961,644,2676,17276,140,6,2842,,,,,,,
2020-05-13T00:00:00.000,171779,2437,23234,631,9825,53683,6894,2341,3241,557,801,1971,1943,744,2798,4301,12,829,156,4155,4805,5110,2723,3875,134,1591,4374,250,4084,709,2876,17689,140,6,2880,,,,,,,
2020-05-14T00:00:00.000,177050,2446,23733,631,10370,54780,7043,2661,3387,588,840,2005,2033,744,2971,4607,12,855,165,4320,4959,5337,2853,4004,134,1649,4435,293,4317,719,3079,18016,140,6,2918,,,,,,,
2020-05-15T00:00:00.000,183112,2849,24478,641,10954,56352,7074,2946,3415,635,852,2062,2038,746,3078,4789,12,934,166,4423,5121,5619,2973,4132,134,1710,4474,293,4522,722,3196,18678,140,6,2948,,,,,,,
2020-05-16T00:00:00.000,190114,3479,25322,641,11273,58171,7144,3141,3500,668,1058,2131,2193,830,3262,5066,12,951,166,4525,5191,5777,2973,4220,242,1730,4523,293,4863,808,3279,19360,325,8,2989,,,,,,,
2020-05-17T00:00:00.000,196417,3623,26154,643,11789,58843,8475,3478,3582,677,1125,2137,2283,842,3427,5215,12,960,184,4760,5326,5854,3021,4516,242,1780,4580,363,5017,859,3363,19913,325,8,3041,,,,,,,
2020-05-18T00:00:00.000,201888,3958,26483,649,12450,60029,9328,3555,3674,691,1128,2139,2293,842,3610,5281,12,1023,184,4951,5395,5909,3282,4609,245,1788,4581,363,5299,875,3459,20382,325,8,3088,,,,,,,
2020-05-19T00:00:00.000,208046,4002,27349,766,12650,63097,9724,3657,3693,731,1130,2192,2510,862,3727,5548,12,1031,184,4944,5256,5957,3333,4747,253,1788,4619,363,5481,924,3651,20768,325,10,2762,,,,,,,
2020-05-20T00:00:00.000,214536,4002,27690,770,13382,64831,10377,3862,3718,747,1161,2249,2638,937,3911,5627,12,1105,184,5151,5418,6269,3505,4893,274,1837,4754,363,5544,1011,3685,21339,429,10,2851,,,,,,,
2020-05-21T00:00:00.000,222110,4053,29118,771,13782,67350,10942,4033,3806,754,1175,2301,2639,952,3944,5756,12,1148,221,5235,5546,6397,3590,5127,274,1846,4861,376,5768,1088,3779,21900,542,10,3114,,,,,,,
2020-05-22T00:00:00.000,235948,4120,29732,918,14635,75028,11344,4348,3907,803,1202,2374,2726,998,4095,5949,12,1205,244,5372,5788,6540,3799,5217,291,1915,4958,387,6105,1147,4017,22979,568,10,3215,,,,,,,
2020-05-23T00:00:00.000,243119,4121,31533,918,15406,76449,12182,4554,3915,826,1204,2432,2852,1000,4212,6377,12,1243,244,5561,5801,6553,3908,5236,291,1916,5087,387,6340,1239,4029,23819,501,10,2961,,,,,,,
2020-05-24T00:00:00.000,252742,5190,32225,935,15794,77511,12945,5267,4063,876,1259,2493,2922,1248,4588,6646,12,1711,251,5955,6396,6676,3962,5435,306,1993,5245,433,6609,1297,4508,24330,627,23,3011,,,,,,,
2020-05-25T00:00:00.000,260812,5450,33979,936,16336,79571,13634,5362,4081,876,1266,2511,2982,1268,4658,6955,12,1728,251,6263,6525,7139,4101,5501,312,2010,5402,433,6847,1339,4649,24756,635,23,3021,,,,,,,
2020-05-26T00:00:00.000,271118,5501,36237,936,17153,81302,14531,5700,4194,903,1266,2566,3111,1440,4914,7305,12,1729,251,6496,6910,7337,4231,5675,312,2093,5415,433,7081,1485,4814,26020,635,23,3107,,,,,,,
2020-05-27T00:00:00.000,283464,5826,37317,937,18098,85597,16103,5991,4307,926,1279,2641,3309,1627,4993,7883,336,1736,252,6718,6956,7582,4354,5710,312,2102,5484,433,7401,1539,5002,26750,636,165,3162,,,,,,,
2020-05-28T00:00:00.000,295614,5841,39187,981,18747,89385,17221,6487,4533,926,1323,2714,3399,1685,5266,8367,573,1828,261,6825,7594,7870,4356,5887,409,2180,5590,433,7532,1707,5124,27350,636,165,3232,,,,,,,
2020-05-29T00:00:00.000,306411,6141,40161,1141,19515,92958,17446,6795,4698,947,1399,2762,3607,1734,5514,8749,585,1883,261,6957,7820,8046,4785,6118,410,2232,5879,517,7910,1838,5239,28176,636,165,3387,,,,,,,
2020-05-30T00:00:00.000,319779,6160,41099,1204,20164,98661,19102,7325,4746,1000,1510,2783,3737,1735,5557,9389,587,1924,261,7135,7963,8446,4855,6245,410,2291,6037,517,8204,1972,5398,29089,636,165,3472,,,,,,,
2020-05-31T00:00:00.000,331817,6612,42051,1204,21233,101591,20381,7734,4821,1000,1807,2856,4014,1980,5731,9959,689,1936,322,7199,8212,8706,5329,6333,465,2312,6212,575,8668,2090,5497,29809,636,296,3557,,,,,,,
2020-06-01T00:00:00.000,341142,6770,42768,1204,22927,103149,21383,7878,4889,1021,1807,2934,4032,2125,5861,10824,689,2004,326,7475,8342,8847,5334,6882,482,2340,6228,575,9086,2131,5567,30695,636,296,3635,,,,37216,296606,"10,9",7320
2020-06-02T00:00:00.000,350123,6876,44128,1232,24050,105540,21596,8117,4963,1021,1822,3004,4186,2142,5965,11167,689,2016,326,7723,8782,9026,5475,6923,490,2446,6384,575,9646,2286,5687,31325,636,296,3673,,,,38944,304574,"11,1",6605
2020-06-03T00:00:00.000,362432,7080,44900,1261,25567,109606,22864,8435,5026,1038,1881,3073,4313,2480,6079,11667,689,2017,326,7806,8803,9373,5790,7137,519,2505,6574,581,9999,2404,5786,32182,636,296,3739,,,,41217,315121,"11,4",6094
2020-06-04T00:00:00.000,374592,7190,45759,1337,27344,113356,24515,8691,5066,1039,1902,3088,4525,2522,6187,12253,689,2033,326,7839,9264,9499,5992,7179,519,2544,6678,592,10208,2652,5804,32936,788,446,3830,,,,,,,
2020-06-05T00:00:00.000,386938,7367,47196,1337,28612,117214,25344,8972,5165,1045,2003,3137,4756,2532,6411,12837,762,2076,367,8133,9581,9589,6308,7328,519,2545,6750,603,10750,2830,5972,33643,788,551,3915,,,,44838,335368,"11,6",6732
2020-06-06T00:00:00.000,399505,7367,48510,1379,30715,120773,26274,9514,5316,1060,2019,3226,4846,2744,6625,13156,762,2076,395,8236,9581,9899,7107,7177,519,2519,6975,605,11420,3149,5991,34805,791,556,3418,,,,46559,347943,"11,7",5003
2020-06-07T00:00:00.000,410719,7650,49475,1379,31922,123065,27461,9514,5394,1067,2041,3245,5004,3130,6834,13525,770,2076,453,8338,9672,10182,7404,7531,519,2556,7184,626,11952,3496,6309,35516,791,719,3919,,,,48381,357006,"11,8",5332
2020-06-08T00:00:00.000,421723,7665,50128,1418,33687,125237,29479,9779,5505,1067,2160,3303,5105,3145,6945,14092,770,2076,453,8520,9892,10319,7525,7833,519,2621,7231,626,12281,3535,6351,36856,791,719,4090,,,,50274,366141,"11,9",5308
2020-06-09T00:00:00.000,432870,7708,52032,1426,35322,127712,30270,9884,5590,1097,2163,3396,5160,3157,7265,14367,770,2076,453,8669,9964,10470,7862,8046,519,2632,7382,627,12744,3794,6545,38074,791,719,4184,,,,52298,376547,"12,1",4025
2020-06-10T00:00:00.000,444933,7890,54795,1460,10685,129516,2748,10058,5703,1132,2166,3399,5263,3185,7412,14670,770,2076,453,8877,494,10622,8281,8459,574,2675,7589,648,13045,4029,6920,39071,791,719,5369,25812,27936,9641,53456,387153,"12,0",4324
2020-06-11T00:00:00.000,458324,7960,55998,1475,10990,134280,2867,10186,5914,1133,2176,3462,5449,3444,7510,15332,770,2076,454,8958,494,10827,8424,8613,576,2698,7712,648,13416,4231,7041,40812,791,719,5422,26943,28833,9690,55922,397940,"12,2",4462
2020-06-12T00:00:00.000,470351,8043,57734,1552,11521,136362,2890,10260,5979,1139,2190,3527,5515,3452,7949,15956,770,2076,454,9067,506,11164,8626,8670,576,2744,7971,652,14076,4392,7220,42107,791,719,5506,28419,29993,9783,58169,407681,"12,4",4501
2020-06-13T00:00:00.000,482832,8408,59150,1598,11921,138614,2924,10666,6213,1245,2244,3577,5698,3635,8181,16255,889,2175,572,9253,520,11448,9155,9120,593,2824,8278,676,14454,4585,7410,42951,979,784,5740,29449,30366,10282,59735,417638,"12,4",5459
2020-06-14T00:00:00.000,495024,8416,60331,1598,12296,141697,3018,10665,6336,1252,2237,3676,6324,3641,8322,16771,889,2332,572,9253,538,11863,9751,9120,579,2891,8454,676,14845,4925,7521,44088,979,784,5324,31338,31440,10282,62789,429946,"12,7",2289
2020-06-15T00:00:00.000,507588,8435,61095,1598,12889,145795,3085,10914,6556,1399,2426,3699,6520,3658,8516,17217,889,2522,572,9483,545,12175,9845,9392,579,2999,8655,676,15177,5042,7802,44959,979,784,5865,32404,31982,10460,65141,440094,"12,8",2353
2020-06-16T00:00:00.000,519990,8661,62456,1603,13339,148534,3151,11141,6684,1400,2514,3755,6684,4235,8818,17615,939,2534,594,9635,545,12431,10036,9517,580,3006,8759,841,15413,5305,8005,45892,979,749,6043,33883,33086,10628,67815,449800,"13,0",2375
2020-06-17T00:00:00.000,535220,9064,63169,1612,14312,153200,3188,11323,6783,1439,2671,3834,6944,4246,9015,18025,942,2629,712,9891,551,12751,10141,9795,599,3082,9093,841,16060,5709,8263,47299,979,749,6143,35582,33693,10891,70942,461840,"13,3",2438
2020-06-18T00:00:00.000,550611,9066,64910,1644,14859,157227,3280,11437,6892,1450,2679,3891,7087,4442,9254,18684,942,2647,713,10032,580,13099,11222,10398,599,3118,9240,841,16692,6056,8440,48321,979,749,6391,37152,34399,11199,74184,473959,"13,5",2468
2020-06-19T00:00:00.000,568324,9133,66545,1694,15336,163261,3382,11763,7025,1725,2805,3971,7455,4522,9392,19358,942,2851,713,10282,588,13372,11800,10687,599,3154,9599,858,17340,6402,8899,49335,979,749,6511,38484,35429,11384,78027,487781,"13,7",2516
2020-06-20T00:00:00.000,585822,9134,67268,1699,15682,171394,3495,11891,7153,1733,2877,4281,7715,4575,9705,20126,966,2975,715,10442,592,13522,11937,10826,639,3193,9742,858,17835,6709,9197,50265,1046,749,6746,40095,36474,11571,81395,501825,"13,9",2602
2020-06-21T00:00:00.000,604273,9374,68930,1768,16494,176170,3604,12145,7240,1787,2927,4376,8107,4611,9851,20918,969,3145,715,10568,607,13948,12412,10986,639,3234,9981,860,18286,6951,9448,51741,1046,771,6951,43129,37522,12062,86116,515509,"14,3",2648
2020-06-22T00:00:00.000,620288,9447,71085,1798,17223,181174,3717,12450,7335,1799,3006,4407,8236,4658,10028,21943,969,3190,778,10962,609,14300,12799,11103,639,3359,10255,1090,18564,7060,9907,52426,1047,771,7089,44498,38362,12205,89567,528029,"14,4",2692
2020-06-23T00:00:00.000,634611,9735,72521,1801,17951,185089,3750,12672,7546,1800,3059,4509,8389,5119,10143,22312,970,3463,823,11089,617,14750,12856,11326,679,3397,10386,1182,18824,7304,10195,53622,1048,772,7318,46033,39078,12483,93053,538414,"14,7",3144
2020-06-24T00:00:00.000,651592,9754,74284,2021,18657,190056,3971,12937,7779,1845,3215,4626,8624,5311,10227,22969,970,3610,823,11268,622,15266,13218,11622,679,3481,10744,1182,19368,7664,10282,55307,1048,772,7425,47698,39638,12629,97189,551639,"14,9",2764
2020-06-25T00:00:00.000,670093,9832,75979,2052,19688,194982,4005,13081,7919,1847,3399,4841,8822,5589,10573,23907,970,3679,823,11344,642,15629,13995,11845,679,3536,11039,1184,19842,8056,10470,56781,1048,782,7679,50090,40545,12919,102116,565095,"15,2",2882
2020-06-26T00:00:00.000,688959,9857,77953,2091,20667,200221,4180,13234,8027,1852,3420,4894,8901,6053,10832,25053,970,3755,823,11944,713,16019,14497,11937,679,3624,11262,1184,20287,8373,10709,57926,1048,782,7837,52867,41300,13188,106906,579122,"15,4",2931
2020-06-27T00:00:00.000,707688,9908,79976,2276,21389,205881,4365,13496,8082,1887,3583,5002,9199,6123,11028,25599,1007,3961,823,12192,758,16551,14719,12141,679,3697,11557,1334,20850,8792,10955,59438,1139,782,7991,54671,42417,13440,112665,592485,"15,9",2538
2020-06-28T00:00:00.000,725828,10046,82055,2364,21951,212011,4421,13585,8267,1922,3721,5175,9514,6154,11183,26349,1007,4184,823,12296,807,16749,15123,12291,681,3743,11694,1334,21243,9291,11180,60309,1139,782,8167,57178,43303,13786,117069,605642,"16,2",3117
2020-06-29T00:00:00.000,743437,10277,83993,2364,22620,216686,4635,14030,8551,2038,3883,5240,9805,6198,11518,27203,1007,4546,894,12670,807,17307,15596,12649,739,3784,11742,1334,21730,9394,11671,61032,1139,782,8355,58809,44347,14062,121588,618721,"16,4",3128
2020-06-30T00:00:00.000,760719,10597,86031,2407,23291,220471,4707,14298,8751,2049,3964,5299,9925,6929,11703,28178,1048,4632,894,12978,817,17611,16783,12770,741,3817,11768,1367,21995,9651,11954,62606,1139,782,8580,60551,45251,14384,125769,631748,"16,5",3202
2020-07-01T00:00:00.000,778773,10751,87913,2433,23751,224827,4833,14495,8991,2082,4072,5439,10196,7273,11762,29300,1048,4790,913,13042,818,18062,17213,13269,751,3842,12178,1393,22520,9962,12256,64317,1139,783,8726,62739,46125,14769,131159,644377,"16,8",3237
2020-07-02T00:00:00.000,798108,10783,89252,2491,24157,234263,4864,14717,9301,2087,4102,5490,10377,7391,11842,30376,1049,4859,913,13255,840,18396,17474,13342,753,3872,12497,1400,22700,10343,12366,65612,1139,783,8740,64897,46461,14924,135866,658778,"17,0",3464
2020-07-03T00:00:00.000,818703,10786,91975,2502,24484,240515,5038,14884,9383,2092,4163,5726,10735,7482,12057,31275,1049,5076,913,13535,854,18716,18088,13570,797,3967,12543,1427,23275,10668,12533,67713,1139,783,8740,67681,47231,15308,141355,673807,"17,3",3541
2020-07-04T00:00:00.000,839731,10880,93906,2538,24567,247977,5158,14950,9449,2119,4192,5903,10998,7680,12265,32625,1049,5247,913,14241,885,19006,18356,13641,858,4042,13022,1427,23646,11156,12862,69054,1139,783,8698,70638,48188,15673,146259,689753,"17,4",3719
2020-07-05T00:00:00.000,860731,10990,96066,2677,24956,254021,5234,15278,9541,2126,4288,6093,11530,7915,12398,33331,1049,5430,913,14348,897,19679,19061,13984,863,4095,13221,1428,24260,11474,13293,70981,1192,783,8715,73702,48980,15939,151983,704992,"17,7",3756
2020-07-06T00:00:00.000,881190,11043,98370,2677,25313,261021,5505,15485,9602,2131,4600,6196,11768,8632,12657,34446,1051,5572,913,14725,898,20206,19246,14026,940,4175,13267,1428,24764,11593,13626,72101,1192,783,8741,75602,50804,16091,156614,720727,"17,8",3849
2020-07-07T00:00:00.000,902305,11046,101142,2783,25635,267888,5552,15595,9661,2170,4622,6403,12097,8841,12774,35129,1062,5861,913,15169,941,21020,19859,14424,940,4182,13555,1430,25491,11904,13897,73943,1192,783,8742,77237,51855,16567,162134,736246,"18,0",3925
2020-07-08T00:00:00.000,923714,11175,104385,2784,26059,272872,6133,15729,9730,2250,4649,6499,12261,8983,13040,35679,1063,6162,913,15455,945,21593,20083,14546,956,4219,13780,1599,25905,12213,14237,75788,1192,783,8742,80993,53406,16913,167310,752402,"18,1",4002
2020-07-09T00:00:00.000,945240,11249,106711,2998,26449,280355,6144,15896,9798,2276,4729,6678,12391,9060,13419,36590,1065,6345,1065,16045,947,21788,20771,14702,1030,4230,14059,1629,26371,12612,14627,77516,1192,794,8744,82807,54225,17933,173208,767776,"18,3",4256
2020-07-10T00:00:00.000,968465,11299,109418,3166,26935,287257,6190,16138,10051,2309,4812,6880,12606,9379,13708,37392,1067,6512,1066,16523,976,22373,21403,14893,1109,4312,14201,1828,27393,13089,15034,79282,1192,794,8744,86142,54750,18242,178448,785724,"18,4",4293
2020-07-11T00:00:00.000,1006093,11597,112162,3252,27715,305987,6557,16263,10124,2370,4882,7021,12997,9652,13922,38860,1077,6733,1066,16964,1029,22783,21909,15206,1229,4486,14293,1855,28413,13395,15441,80750,1192,794,8748,89673,56270,19426,187051,814582,"18,8",4460
2020-07-12T00:00:00.000,1031230,11605,114117,3255,28435,316671,6901,16439,10257,2422,4966,7238,13302,9677,14131,40179,1077,6881,1066,17453,1077,23116,22360,15229,1303,4515,14487,1856,29024,13957,15684,81627,1478,794,8749,92732,57623,19547,193722,832992,"18,8",4516
2020-07-13T00:00:00.000,1056814,11640,117268,3329,29314,326305,7049,16583,10383,2422,5073,7392,13673,9784,14727,41325,1077,7089,1066,17554,1127,23566,22707,15440,1378,4579,14651,1856,29446,14239,16130,83144,1478,794,8750,95400,59198,19878,201112,851135,"19,0",4567
2020-07-14T00:00:00.000,1082415,11809,120233,3342,30522,335193,7079,16740,10421,2452,5154,7640,14027,10221,14965,42077,1080,7680,1099,18008,1215,23926,22961,15583,1547,4694,14843,1895,29749,14853,16431,85630,1478,805,8752,98066,60109,20136,208238,869521,"19,2",4656
2020-07-15T00:00:00.000,1108148,11810,125502,3402,31742,342140,7448,16829,10559,2471,5238,7761,14560,10341,15270,43199,1080,8039,1123,18033,1288,24732,23258,15786,1597,4721,15143,1896,30153,15192,16769,88027,1478,805,8761,100251,61413,20331,214795,888648,"19,4",4705
2020-07-16T00:00:00.000,1133507,11843,128725,3411,33626,349813,7628,17013,10716,2560,5302,7907,14709,10689,15643,43761,1086,8357,1140,18711,1338,25274,23621,15959,1605,4821,15394,1903,30706,15587,17256,89467,1478,805,8761,103255,62730,20907,221878,906891,"19,6",4738
2020-07-17T00:00:00.000,1159562,11885,132840,3415,34758,359046,7996,17707,10906,2623,5331,8174,15269,10706,15980,44377,1086,8516,1140,18806,1423,25662,23941,16119,1742,4843,15626,1906,31637,16014,17594,90462,1478,805,8762,105966,63971,21050,229350,925290,"19,8",4922
2020-07-18T00:00:00.000,1185984,11959,137249,3426,35660,366805,8020,17982,11155,2858,5465,8291,15733,11118,16459,45376,1086,9083,1140,19234,1529,26055,24366,16263,1948,4960,15980,1908,32097,16691,17813,92456,1532,805,8764,108524,64756,21438,236604,944381,"20,0",4999
2020-07-19T00:00:00.000,1210063,12136,141645,3475,36497,372316,8152,18274,11356,3551,5621,8508,16062,11366,16679,46223,1086,9345,1263,19452,1701,26243,25050,16492,2301,5052,16224,1958,32701,17542,18119,93799,1913,805,8764,111214,65285,21893,243472,961552,"20,1",5039
2020-07-20T00:00:00.000,1236569,12136,144581,3537,37900,384774,8292,18512,11377,3665,5721,8586,16321,11500,17032,46969,1086,9562,1263,19874,1832,26587,25568,16710,2304,5094,16232,1958,32946,17734,18359,95338,1913,805,8766,113387,66195,22153,251245,980184,"20,3",5140
2020-07-21T00:00:00.000,1263700,12136,149808,3537,38967,394235,8794,18708,11444,3747,5776,9019,16498,11679,17144,47514,1086,9727,1263,20117,1958,26831,25986,16900,2735,5112,16626,1958,33234,18058,18629,97818,1913,805,8772,115037,67406,22723,259415,998989,"20,5",5296
2020-07-22T00:00:00.000,1292501,12208,153773,3568,39684,401695,8987,18913,11600,3752,5806,9326,16757,12694,17576,48168,1101,9851,1293,20230,2156,27469,26788,17249,2940,5203,16929,2012,33789,18443,18886,100916,1913,837,8772,119220,68824,23173,268497,1018679,"20,8",5325
2020-07-23T00:00:00.000,1320935,12290,157215,3568,40533,412209,9107,19290,11826,3774,5888,9510,17234,12862,18072,49011,1101,10039,1293,20382,2278,27976,27468,17501,3344,5250,17337,2017,34303,18990,19163,103671,2067,837,8772,121362,69803,23592,278015,1037563,"21,0",5357
2020-07-24T00:00:00.000,1349502,12489,161991,3568,41002,421981,9491,19474,11925,3782,5943,9596,17402,13146,18603,49979,1101,10221,1396,20516,2321,28499,28167,17916,3694,5454,17787,2018,35413,19475,19579,105810,2070,837,8772,123932,70470,23682,286566,1057442,"21,2",5494
2020-07-25T00:00:00.000,1379043,12539,166010,3724,41834,434297,9659,19682,12042,3917,6018,9877,17876,13171,19043,50871,1101,10459,1396,20926,2367,28986,28832,18087,3696,5483,17816,2019,36000,19955,19829,107944,2070,839,8772,126541,71510,23855,295913,1077603,"21,5",5527
